{"_type":"export","__export_format":4,"__export_date":"2022-10-24T23:04:25.913Z","__export_source":"insomnia.desktop.app:v2022.6.0","resources":[{"_id":"req_6f36697d43d64daea4b0daecbe30b794","parentId":"wrk_93a8e3ea9166412ebaa0d3a40d5f1f7f","modified":1666652362367,"created":1665014009959,"url":"localhost:3000/delivery","name":"DELIVERY - Create","description":"","method":"POST","body":{"mimeType":"application/json","text":"{\n\t\"sales_id\":\"d3d49487-f4ef-4247-b231-1e7a0794cacc\",\n\t\"dt_entrega\":\"2018-12-10T13:45:00.000Z\",\n\t\"obs\":\"\"\n}"},"parameters":[],"headers":[{"name":"Content-Type","value":"application/json"}],"authentication":{},"metaSortKey":-1665014009959,"isPrivate":false,"settingStoreCookies":true,"settingSendCookies":true,"settingDisableRenderRequestBody":false,"settingEncodeUrl":true,"settingRebuildPath":true,"settingFollowRedirects":"global","_type":"request"},{"_id":"wrk_93a8e3ea9166412ebaa0d3a40d5f1f7f","parentId":null,"modified":1660863655292,"created":1660863655292,"name":"New Document","description":"","scope":"design","_type":"workspace"},{"_id":"req_989dc4d7446c4768b46bc2e7618e4e51","parentId":"wrk_93a8e3ea9166412ebaa0d3a40d5f1f7f","modified":1666361069569,"created":1666360035020,"url":"localhost:3000/delivery","name":"DELIVERY - List","description":"","method":"GET","body":{},"parameters":[],"headers":[],"authentication":{},"metaSortKey":-1664151655428,"isPrivate":false,"settingStoreCookies":true,"settingSendCookies":true,"settingDisableRenderRequestBody":false,"settingEncodeUrl":true,"settingRebuildPath":true,"settingFollowRedirects":"global","_type":"request"},{"_id":"req_6ee6e96fd79d453891f89a5ecbc6c550","parentId":"wrk_93a8e3ea9166412ebaa0d3a40d5f1f7f","modified":1666649616576,"created":1666365261012,"url":"localhost:3000/delivery","name":"DELIVERY - Update","description":"","method":"PUT","body":{"mimeType":"application/json","text":"{\n\t\"id\":\"070feaa9-b92b-450d-a4e6-5dc482612bbe\",\n\t\"sales_id\":\"1cdc6cae-db08-440e-8701-0f47b2b65caa\",\n\t\"dt_entrega\":\"2018-12-10T19:45:00.000Z\",\n\t\"obs\": \"Update\"\n}"},"parameters":[],"headers":[{"name":"Content-Type","value":"application/json"}],"authentication":{},"metaSortKey":-1663720478162.5,"isPrivate":false,"settingStoreCookies":true,"settingSendCookies":true,"settingDisableRenderRequestBody":false,"settingEncodeUrl":true,"settingRebuildPath":true,"settingFollowRedirects":"global","_type":"request"},{"_id":"req_0cb7ee493b004df680eff879a8ac69bc","parentId":"wrk_93a8e3ea9166412ebaa0d3a40d5f1f7f","modified":1666652460689,"created":1666652358489,"url":"localhost:3000/delivery","name":"DELIVERY - Delete","description":"","method":"DELETE","body":{"mimeType":"application/json","text":"{\n\t\"id\":\"8ccac5eb-258b-461b-a224-aa6d2f80db06\"\n}"},"parameters":[],"headers":[{"name":"Content-Type","value":"application/json"}],"authentication":{},"metaSortKey":-1663504889529.75,"isPrivate":false,"settingStoreCookies":true,"settingSendCookies":true,"settingDisableRenderRequestBody":false,"settingEncodeUrl":true,"settingRebuildPath":true,"settingFollowRedirects":"global","_type":"request"},{"_id":"req_f7b5bbac53d44618843bac2a7357eab1","parentId":"wrk_93a8e3ea9166412ebaa0d3a40d5f1f7f","modified":1664836968550,"created":1663288068960,"url":"localhost:3000/login","name":"LOGIN - Login","description":"","method":"POST","body":{"mimeType":"application/json","text":"{\n\t\"email\":\"raphael@gmail.com\",\n\t\"password\":\"fatec\"\n}"},"parameters":[],"headers":[{"name":"Content-Type","value":"application/json","id":"pair_951ed3d2b52548d3a1d485e31ab79b84"}],"authentication":{},"metaSortKey":-1663289300897,"isPrivate":false,"settingStoreCookies":true,"settingSendCookies":true,"settingDisableRenderRequestBody":false,"settingEncodeUrl":true,"settingRebuildPath":true,"settingFollowRedirects":"global","_type":"request"},{"_id":"req_e42560e5242849d3bdd072affa8270bd","parentId":"wrk_93a8e3ea9166412ebaa0d3a40d5f1f7f","modified":1664755015322,"created":1663289300847,"url":"localhost:3000/users","name":"LOGIN - Autenticado","description":"","method":"GET","body":{},"parameters":[],"headers":[],"authentication":{"type":"bearer","token":"eyJhbGciOiJIUzI1NiIsInR5cCI6IkpXVCJ9.eyJlbWFpbCI6InJhcGhhZWxAZ21haWwuY29tIiwiaWF0IjoxNjY0NzU0OTk4LCJleHAiOjE2NjQ4NDEzOTgsInN1YiI6IjEwMSJ9.yUVCMNhwDqsqesq14VKHIn6BQJmvp-nVse1fDZBek00"},"metaSortKey":-1663289300847,"isPrivate":false,"settingStoreCookies":true,"settingSendCookies":true,"settingDisableRenderRequestBody":false,"settingEncodeUrl":true,"settingRebuildPath":true,"settingFollowRedirects":"global","_type":"request"},{"_id":"req_371cdf89dcbc45b895b5dde8a41cb805","parentId":"wrk_93a8e3ea9166412ebaa0d3a40d5f1f7f","modified":1666651727988,"created":1662899971651,"url":"localhost:3000/sales","name":"SALES - Create","description":"","method":"POST","body":{"mimeType":"application/json","text":"{\n\t\"product_id\":\"ca0898c4-8bcb-4465-8cb3-817ddd319d7c\",\n\t\"user_id\":\"753d6d87-bd84-435a-a155-b047fbe18c92\",\n\t\"total\":898.77,\n\t\"desc\":\"Descrição teste\",\n\t\"obs\":\"Observação teste\"\n}"},"parameters":[],"headers":[{"name":"Content-Type","value":"application/json","id":"pair_3cdc5f7a24804b9fb8a26a342e5a2753"}],"authentication":{"type":"bearer","token":"eyJhbGciOiJIUzI1NiIsInR5cCI6IkpXVCJ9.eyJlbWFpbCI6InJhcGhhZWxAZ21haWwuY29tIiwiaWF0IjoxNjY0NzU0OTk4LCJleHAiOjE2NjQ4NDEzOTgsInN1YiI6IjEwMSJ9.yUVCMNhwDqsqesq14VKHIn6BQJmvp-nVse1fDZBek00","disabled":true},"metaSortKey":-1663191769586,"isPrivate":false,"settingStoreCookies":true,"settingSendCookies":true,"settingDisableRenderRequestBody":false,"settingEncodeUrl":true,"settingRebuildPath":true,"settingFollowRedirects":"global","_type":"request"},{"_id":"req_bc35014688fc473aab0153eaaf98b374","parentId":"wrk_93a8e3ea9166412ebaa0d3a40d5f1f7f","modified":1664836959454,"created":1662899619206,"url":"localhost:3000/sales","name":"SALES - List","description":"","method":"GET","body":{},"parameters":[],"headers":[],"authentication":{},"metaSortKey":-1663094238325,"isPrivate":false,"settingStoreCookies":true,"settingSendCookies":true,"settingDisableRenderRequestBody":false,"settingEncodeUrl":true,"settingRebuildPath":true,"settingFollowRedirects":"global","_type":"request"},{"_id":"req_8ac3ed53d9be427a87bf84f4b5b529f5","parentId":"wrk_93a8e3ea9166412ebaa0d3a40d5f1f7f","modified":1666649561778,"created":1662899184074,"url":"localhost:3000/sales","name":"SALES - Update","description":"","method":"PUT","body":{"mimeType":"application/json","text":"{\n\t\"id\":\"1cdc6cae-db08-440e-8701-0f47b2b65caa\",\n\t\"productId\":\"b949add9-9153-4662-86ad-56e6cdf097ae\",\n\t\"userId\":\"94148af9-9b97-4392-90cd-ca51ec080760\",\n\t\"total\":100.00,\n\t\"desc\":\"Update\",\n\t\"obs\":\"Update observação \"\n}"},"parameters":[],"headers":[{"name":"Content-Type","value":"application/json","id":"pair_40e12e37344a416eab1751e53305cf37"}],"authentication":{},"metaSortKey":-1662997323007.5,"isPrivate":false,"settingStoreCookies":true,"settingSendCookies":true,"settingDisableRenderRequestBody":false,"settingEncodeUrl":true,"settingRebuildPath":true,"settingFollowRedirects":"global","_type":"request"},{"_id":"req_51236341cf3b41c09dd045ab63fdd534","parentId":"wrk_93a8e3ea9166412ebaa0d3a40d5f1f7f","modified":1666651998364,"created":1662900407690,"url":"localhost:3000/sales","name":"SALES - Delete","description":"","method":"DELETE","body":{"mimeType":"application/json","text":"{\n\t\"id\":\"d3d49487-f4ef-4247-b231-1e7a0794cacc\"\n}"},"parameters":[],"headers":[{"name":"Content-Type","value":"application/json","id":"pair_cc0351dd2ada421cae0a401b169fbd25"}],"authentication":{},"metaSortKey":-1662900407690,"isPrivate":false,"settingStoreCookies":true,"settingSendCookies":true,"settingDisableRenderRequestBody":false,"settingEncodeUrl":true,"settingRebuildPath":true,"settingFollowRedirects":"global","_type":"request"},{"_id":"req_884d00188bae48f2959edecde447c37b","parentId":"wrk_93a8e3ea9166412ebaa0d3a40d5f1f7f","modified":1666651696585,"created":1662896209441,"url":"localhost:3000/products","name":"Products - Create","description":"","method":"POST","body":{"mimeType":"application/json","text":"{\n\t\"name\":\"Código Limpo\",\n\t\"price\":99.97,\n\t\"description\":\"Descrição teste do livro\",\n\t\"id_category\":\"346fb453-743e-4c1c-8450-b5b7bb3fbc6d\",\n\t\"url\":\"www.google.com.br\"\n}"},"parameters":[],"headers":[{"name":"Content-Type","value":"application/json","id":"pair_472d9c6f0cbb4888b25be5396d02f1d5"}],"authentication":{},"metaSortKey":-1662899549325.5,"isPrivate":false,"settingStoreCookies":true,"settingSendCookies":true,"settingDisableRenderRequestBody":false,"settingEncodeUrl":true,"settingRebuildPath":true,"settingFollowRedirects":"global","_type":"request"},{"_id":"req_f212ff81ed7941c58bd20fd29925035b","parentId":"wrk_93a8e3ea9166412ebaa0d3a40d5f1f7f","modified":1664836992390,"created":1662896589161,"url":"localhost:3000/products","name":"Products - List","description":"","method":"GET","body":{},"parameters":[],"headers":[],"authentication":{},"metaSortKey":-1662899120143.25,"isPrivate":false,"settingStoreCookies":true,"settingSendCookies":true,"settingDisableRenderRequestBody":false,"settingEncodeUrl":true,"settingRebuildPath":true,"settingFollowRedirects":"global","_type":"request"},{"_id":"req_4ec8d85b2fe04f338ea3b59f107ef029","parentId":"wrk_93a8e3ea9166412ebaa0d3a40d5f1f7f","modified":1666649511483,"created":1662898381302,"url":"localhost:3000/products","name":"Products - Update","description":"","method":"PUT","body":{"mimeType":"application/json","text":"{\n\t\"id\":\"b949add9-9153-4662-86ad-56e6cdf097ae\",\n\t\"name\":\"Produto update\",\n\t\"description\":\"Descrição produto update\",\n\t\"id_category\":\"8cf03d8a-54c2-454d-b833-6ba7a429342d\",\n\t\"price\":187.88,\n\t\"url\":\"www.bing.com.br\"\n}"},"parameters":[],"headers":[{"name":"Content-Type","value":"application/json","id":"pair_5d9d40488fdb4032b35cbec20522dbc3"}],"authentication":{},"metaSortKey":-1662898905552.125,"isPrivate":false,"settingStoreCookies":true,"settingSendCookies":true,"settingDisableRenderRequestBody":false,"settingEncodeUrl":true,"settingRebuildPath":true,"settingFollowRedirects":"global","_type":"request"},{"_id":"req_f51ca79a1d3643fe8d1590565b5c7138","parentId":"wrk_93a8e3ea9166412ebaa0d3a40d5f1f7f","modified":1666651972561,"created":1662898690961,"url":"localhost:3000/products","name":"Products - Delete","description":"","method":"DELETE","body":{"mimeType":"application/json","text":"{\n\t\"id\":\"ca0898c4-8bcb-4465-8cb3-817ddd319d7c\"\n}"},"parameters":[],"headers":[{"name":"Content-Type","value":"application/json","id":"pair_f002274f8c5047bfb8ca7067ce7ec994"}],"authentication":{},"metaSortKey":-1662898690961,"isPrivate":false,"settingStoreCookies":true,"settingSendCookies":true,"settingDisableRenderRequestBody":false,"settingEncodeUrl":true,"settingRebuildPath":true,"settingFollowRedirects":"global","_type":"request"},{"_id":"req_3e636381dbb64276be3857f6a879ff8c","parentId":"wrk_93a8e3ea9166412ebaa0d3a40d5f1f7f","modified":1666651685794,"created":1662896037488,"url":"localhost:3000/category","name":"Category - Create","description":"","method":"POST","body":{"mimeType":"application/json","text":"{\n\t\"name\":\"C++\",\n\t\"description\":\"Categoria de livros C++\"\n}"},"parameters":[],"headers":[{"name":"Content-Type","value":"application/json","id":"pair_ee92bdc73cf4417a862e2b9479298b16"}],"authentication":{"type":"bearer","token":"eyJhbGciOiJIUzI1NiIsInR5cCI6IkpXVCJ9.eyJlbWFpbCI6InJhcGhhZWxAZ21haWwuY29tIiwiaWF0IjoxNjY0NjIwNDQyLCJleHAiOjE2NjQ3MDY4NDIsInN1YiI6IjEwMSJ9.dtWkMe3ZvaXAGpWoJHxbjeESUsTM5FtOPScmXSiPtY8"},"metaSortKey":-1662897428706.875,"isPrivate":false,"settingStoreCookies":true,"settingSendCookies":true,"settingDisableRenderRequestBody":false,"settingEncodeUrl":true,"settingRebuildPath":true,"settingFollowRedirects":"global","_type":"request"},{"_id":"req_6698305dfa924c7db7a97ff893ed12ba","parentId":"wrk_93a8e3ea9166412ebaa0d3a40d5f1f7f","modified":1664837003430,"created":1662895947708,"url":"localhost:3000/category","name":"Category - List","description":"","method":"GET","body":{},"parameters":[],"headers":[],"authentication":{},"metaSortKey":-1662896797579.8125,"isPrivate":false,"settingStoreCookies":true,"settingSendCookies":true,"settingDisableRenderRequestBody":false,"settingEncodeUrl":true,"settingRebuildPath":true,"settingFollowRedirects":"global","_type":"request"},{"_id":"req_543b0098e37a401e8393695a05a6567e","parentId":"wrk_93a8e3ea9166412ebaa0d3a40d5f1f7f","modified":1666649471591,"created":1662896932735,"url":"localhost:3000/category","name":"Category - Update","description":"","method":"PUT","body":{"mimeType":"application/json","text":"{\n\t\"id\":\"8cf03d8a-54c2-454d-b833-6ba7a429342d\",\n\t\"name\":\"Categoria Update 2\",\n\t\"description\":\"description update 2\"\n}"},"parameters":[],"headers":[{"name":"Content-Type","value":"application/json","id":"pair_be43043d2209402aab59dd3314bf8244"}],"authentication":{},"metaSortKey":-1662896482016.2812,"isPrivate":false,"settingStoreCookies":true,"settingSendCookies":true,"settingDisableRenderRequestBody":false,"settingEncodeUrl":true,"settingRebuildPath":true,"settingFollowRedirects":"global","_type":"request"},{"_id":"req_0992b33c2571487193c8d484bf082df5","parentId":"wrk_93a8e3ea9166412ebaa0d3a40d5f1f7f","modified":1666651791898,"created":1662897581589,"url":"localhost:3000/category","name":"Category - Delete","description":"","method":"DELETE","body":{"mimeType":"application/json","text":"{\n\t\"id\":\"346fb453-743e-4c1c-8450-b5b7bb3fbc6d\"\n}"},"parameters":[],"headers":[{"name":"Content-Type","value":"application/json","id":"pair_7ee16b288d404ac5bf30a529ab8def8d"}],"authentication":{},"metaSortKey":-1662896166452.75,"isPrivate":false,"settingStoreCookies":true,"settingSendCookies":true,"settingDisableRenderRequestBody":false,"settingEncodeUrl":true,"settingRebuildPath":true,"settingFollowRedirects":"global","_type":"request"},{"_id":"req_50ce0426b10841feaaaf4b8062fc95dd","parentId":"wrk_93a8e3ea9166412ebaa0d3a40d5f1f7f","modified":1666651667457,"created":1662680426786,"url":"localhost:3000/users","name":"Users - Create","description":"","method":"POST","body":{"mimeType":"application/json","text":"{\n\t\"name\":\"Raphael Budin Admin\",\n\t\"email\":\"raphaelconta3@hotmail.com\",\n\t\"password\":\"12345\",\n\t\"admin\":true\n}"},"parameters":[],"headers":[{"name":"Content-Type","value":"application/json","id":"pair_9cb6e833df96428dbbf4fabf6b2f42ff"}],"authentication":{},"metaSortKey":-1662842176849.875,"isPrivate":false,"settingStoreCookies":true,"settingSendCookies":true,"settingDisableRenderRequestBody":false,"settingEncodeUrl":true,"settingRebuildPath":true,"settingFollowRedirects":"global","_type":"request"},{"_id":"req_c96ef6dbd087427f850561b3dd01b606","parentId":"wrk_93a8e3ea9166412ebaa0d3a40d5f1f7f","modified":1666618462020,"created":1662679714891,"url":"localhost:3000/users","name":"Users - List","description":"","method":"GET","body":{},"parameters":[],"headers":[],"authentication":{"type":"bearer","token":"eyJhbGciOiJIUzI1NiIsInR5cCI6IkpXVCJ9.eyJlbWFpbCI6InJhcGhhZWxAZ21haWwuY29tIiwiaWF0IjoxNjY0NjIwNDQyLCJleHAiOjE2NjQ3MDY4NDIsInN1YiI6IjEwMSJ9.dtWkMe3ZvaXAGpWoJHxbjeESUsTM5FtOPScmXSiPtY8"},"metaSortKey":-1662788187247,"isPrivate":false,"settingStoreCookies":true,"settingSendCookies":true,"settingDisableRenderRequestBody":false,"settingEncodeUrl":true,"settingRebuildPath":true,"settingFollowRedirects":"global","_type":"request"},{"_id":"req_d597026c8c1b4fccaf921be9dfabdfff","parentId":"wrk_93a8e3ea9166412ebaa0d3a40d5f1f7f","modified":1666651218810,"created":1661467754839,"url":"localhost:3000/users","name":"Users - Update","description":"","method":"PUT","body":{"mimeType":"application/json","text":"{\n\t\"id\":\"94148af9-9b97-4392-90cd-ca51ec080760\",\n\t\"email\":\"raphaelconta@hotmail.com\",\n\t\"password\":\"123\",\n\t\"name\":\"RaphaelUpdate\",\n\t\"newPassword\":\"123\"\n}"},"parameters":[],"headers":[{"name":"Content-Type","value":"application/json","id":"pair_aa817e7faaa641a3a9f6eda986502190"}],"authentication":{},"metaSortKey":-1662733901418,"isPrivate":false,"settingStoreCookies":true,"settingSendCookies":true,"settingDisableRenderRequestBody":false,"settingEncodeUrl":true,"settingRebuildPath":true,"settingFollowRedirects":"global","_type":"request"},{"_id":"req_027798d8d7434f63af2041233bc75cd3","parentId":"wrk_93a8e3ea9166412ebaa0d3a40d5f1f7f","modified":1666651777428,"created":1662679615589,"url":"localhost:3000/users","name":"Users - Delete","description":"","method":"DELETE","body":{"mimeType":"application/json","text":"{\n\t\"id\":\"753d6d87-bd84-435a-a155-b047fbe18c92\"\n}"},"parameters":[],"headers":[{"name":"Content-Type","value":"application/json"}],"authentication":{},"metaSortKey":-1662679615589,"isPrivate":false,"settingStoreCookies":true,"settingSendCookies":true,"settingDisableRenderRequestBody":false,"settingEncodeUrl":true,"settingRebuildPath":true,"settingFollowRedirects":"global","_type":"request"},{"_id":"env_1f9990de846e759e1f5817e2b723160038749830","parentId":"wrk_93a8e3ea9166412ebaa0d3a40d5f1f7f","modified":1660863655323,"created":1660863655323,"name":"Base Environment","data":{},"dataPropertyOrder":null,"color":null,"isPrivate":false,"metaSortKey":1660863655323,"_type":"environment"},{"_id":"jar_1f9990de846e759e1f5817e2b723160038749830","parentId":"wrk_93a8e3ea9166412ebaa0d3a40d5f1f7f","modified":1660863655332,"created":1660863655332,"name":"Default Jar","cookies":[],"_type":"cookie_jar"},{"_id":"spc_ce7dc58f50664f92bc1699a62fdc32b7","parentId":"wrk_93a8e3ea9166412ebaa0d3a40d5f1f7f","modified":1662900714403,"created":1660863655312,"fileName":"Dispositivos Móveis","contents":"","contentType":"yaml","_type":"api_spec"},{"_id":"uts_b813745ef50f448a92d718b7e8e16290","parentId":"wrk_93a8e3ea9166412ebaa0d3a40d5f1f7f","modified":1660863655344,"created":1660863655344,"name":"Example Test Suite","_type":"unit_test_suite"}]}